CREATE TABLE ACTOR (
    ACT_ID INTEGER,
    ACT_NAME VARCHAR(20),
    ACT_GENDER CHAR(1),
    PRIMARY KEY (ACT_ID)
);

CREATE TABLE DIRECTOR (
    DIR_ID INTEGER,
    DIR_NAME VARCHAR(20),
    DIR_PHONE INTEGER,
    PRIMARY KEY (DIR_ID)
);

CREATE TABLE MOVIES (
    MOV_ID INTEGER,
    MOV_TITLE VARCHAR(25),
    MOV_YEAR INTEGER,
    MOV_LANG VARCHAR(12),
    PRIMARY KEY (MOV_ID),
    DIR_ID INTEGER,
    FOREIGN KEY (DIR_ID) REFERENCES DIRECTOR (DIR_ID)
);

CREATE TABLE MOVIE_CAST (
    ACT_ID INTEGER,
    MOV_ID INTEGER,
    ROLE VARCHAR(10),
    PRIMARY KEY (ACT_ID, MOV_ID),
    FOREIGN KEY (ACT_ID) REFERENCES ACTOR (ACT_ID),
    FOREIGN KEY (MOV_ID) REFERENCES MOVIES (MOV_ID)
);

CREATE TABLE RATING (
    MOV_ID INTEGER,
    REV_STARS VARCHAR(25),
    PRIMARY KEY (MOV_ID),
    FOREIGN KEY (MOV_ID) REFERENCES MOVIES (MOV_ID)
);

INSERT INTO ACTOR VALUES 
(301, 'ANUSHKA', 'F'), 
(302, 'PRABHAS', 'M'), 
(303, 'PUNITH', 'M'), 
(304, 'JERMY', 'M');

INSERT INTO DIRECTOR VALUES 
(60, 'RAJAMOULI', 87516110), 
(61, 'HITCHCOCK', 77661389), 
(62, 'FARAN', 99867765), 
(63, 'STEVEN SPIELBERG', 89897765);

INSERT INTO MOVIES VALUES 
(1001, 'BAHUBALI-2', 2017, 'TELAGU', 60), 
(1002, 'BAHUBALI-1', 2015, 'TELAGU', 60), 
(1003, 'AKASH', 2008, 'KANNADA', 61), 
(1004, 'WAR HORSE', 2011, 'ENGLISH', 63);

INSERT INTO MOVIE_CAST VALUES 
(301, 1002, 'HEROINE'), 
(301, 1001, 'HEROINE'), 
(303, 1003, 'HERO'), 
(303, 1002, 'GUEST'), 
(304, 1004, 'HERO');

INSERT INTO RATING VALUES 
(1001, '4'), 
(1002, '2'), 
(1003, '5'), 
(1004, '4');



SELECT MOV_TITLE 
FROM MOVIES 
WHERE DIR_ID IN (SELECT DIR_ID 
                 FROM DIRECTOR 
                 WHERE DIR_NAME = 'HITCHCOCK');


SELECT MOV_TITLE 
FROM MOVIES M
JOIN MOVIE_CAST MV ON M.MOV_ID = MV.MOV_ID 
WHERE ACT_ID IN (
    SELECT ACT_ID 
    FROM MOVIE_CAST 
    GROUP BY ACT_ID 
    HAVING COUNT(ACT_ID) > 1
) 
GROUP BY MOV_TITLE 
HAVING COUNT(*) > 1;


SELECT ACT_NAME, MOV_TITLE, MOV_YEAR 
FROM ACTOR A
JOIN MOVIE_CAST C ON A.ACT_ID = C.ACT_ID 
JOIN MOVIES M ON C.MOV_ID = M.MOV_ID 
WHERE M.MOV_YEAR NOT BETWEEN 2000 AND 2015;

SELECT MOV_TITLE, MAX(REV_STARS) 
FROM MOVIES 
INNER JOIN RATING USING (MOV_ID) 
GROUP BY MOV_TITLE 
HAVING MAX(REV_STARS) > 0 
ORDER BY MOV_TITLE;

UPDATE RATING 
SET REV_STARS = 5 
WHERE MOV_ID IN (
    SELECT MOV_ID 
    FROM MOVIES 
    WHERE DIR_ID IN (
        SELECT DIR_ID 
        FROM DIRECTOR 
        WHERE DIR_NAME = 'STEVEN SPIELBERG'
    )
);